{
  "matched": 200,
  "psnr": {
    "mean": 21.727088984377488,
    "ci95_low": 21.404453206089276,
    "ci95_high": 22.112559196761936
  },
  "ssim": {
    "mean": 0.7477279671180856,
    "ci95_low": 0.7403578997299667,
    "ci95_high": 0.7576311388137836
  },
  "uciqe_inp": 24.879070887448844,
  "uciqe_pred": 27.560283729378007,
  "uiqm_inp": 5.765987506778104,
  "uiqm_pred": 5.169757213830995,
  "uciqe_ref": 26.217846285218684,
  "uiqm_ref": 5.900889906691877
}