{
  "matched": 200,
  "psnr": {
    "mean": 22.29404461237552,
    "ci95_low": 21.958385895457226,
    "ci95_high": 22.674171905640485
  },
  "ssim": {
    "mean": 0.7638654945841591,
    "ci95_low": 0.7558793134258913,
    "ci95_high": 0.7721232813985383
  },
  "uciqe_inp": 24.879070887448844,
  "uciqe_pred": 26.829848917782932,
  "uiqm_inp": 5.765987506778104,
  "uiqm_pred": 5.591186301208543,
  "uciqe_ref": 26.217846285218684,
  "uiqm_ref": 5.900889906691877
}