{
  "matched": 890,
  "psnr": {
    "mean": 17.955605149490292,
    "ci95_low": 17.758227302690894,
    "ci95_high": 18.156688237287355
  },
  "ssim": {
    "mean": 0.6739269872819843,
    "ci95_low": 0.6651775795934044,
    "ci95_high": 0.6825952202291726
  },
  "uciqe_inp": 21.703626574857825,
  "uciqe_pred": 25.391606211075736,
  "uiqm_inp": 6.79839753001116,
  "uiqm_pred": 9.957639949737521,
  "uciqe_ref": 29.47265655702628,
  "uiqm_ref": 6.398816675664481
}