{
  "matched": 515,
  "psnr": {
    "mean": 24.274646686212513,
    "ci95_low": 24.01241560855102,
    "ci95_high": 24.529539957525785
  },
  "ssim": {
    "mean": 0.8271972460370546,
    "ci95_low": 0.822305252559057,
    "ci95_high": 0.8318370708507711
  },
  "uciqe_inp": 24.996679756661923,
  "uciqe_pred": 27.443862038336395,
  "uiqm_inp": 5.633326090273041,
  "uiqm_pred": 5.291255950005101,
  "uciqe_ref": 26.555468921016452,
  "uiqm_ref": 5.866949017718494
}