{
  "matched": 515,
  "psnr": {
    "mean": 21.196207535648337,
    "ci95_low": 20.96792407438433,
    "ci95_high": 21.42460048078333
  },
  "ssim": {
    "mean": 0.7408776838711825,
    "ci95_low": 0.735125877942827,
    "ci95_high": 0.7467212926836369
  },
  "uciqe_inp": 24.996679756661923,
  "uciqe_pred": 27.007717528981047,
  "uiqm_inp": 5.633326090273041,
  "uiqm_pred": 4.414950120097454,
  "uciqe_ref": 26.555468921016452,
  "uiqm_ref": 5.866949017718494
}