{
  "matched": 890,
  "psnr": {
    "mean": 17.25405851948765,
    "ci95_low": 17.031913144950327,
    "ci95_high": 17.47031454081967
  },
  "ssim": {
    "mean": 0.6369541071513967,
    "ci95_low": 0.6284427834851888,
    "ci95_high": 0.6458181379293163
  },
  "uciqe_inp": 21.703626574857825,
  "uciqe_pred": 23.91838466527859,
  "uiqm_inp": 6.79839753001116,
  "uiqm_pred": 9.664331918272916,
  "uciqe_ref": 29.47265655702628,
  "uiqm_ref": 6.398816675664481
}