{
  "matched": 515,
  "psnr": {
    "mean": 23.18546717850817,
    "ci95_low": 22.93809458131606,
    "ci95_high": 23.42620565890109
  },
  "ssim": {
    "mean": 0.7824514991283948,
    "ci95_low": 0.7764766120364488,
    "ci95_high": 0.7884069256555054
  },
  "uciqe_inp": 24.996679756661923,
  "uciqe_pred": 27.077104415145307,
  "uiqm_inp": 5.633326090273041,
  "uiqm_pred": 5.0982530951395555,
  "uciqe_ref": 26.555468921016452,
  "uiqm_ref": 5.866949017718494
}